<?xml version="1.0" encoding="utf-8"?>	  
<modification>
    <name>surveillance visites</name>
    <code>surveillance visites</code>
    <version>1.0</version>
    <author>Olivier - Gaël</author>
    <link>http://www.opencart.com</link>

    <file path="catalog/controller/common/header.php">
        <operation>
			<search>
				<![CDATA[public function index() {]]>
			</search>
			<add position="after">
			<![CDATA[ $TESTESTETSTEST = 0; ]]>
			</add>
        </operation>
    </file>    

</modification>